<data><entry><year>2003</year><val>200766</val></entry><entry><year>2004</year><val>210332</val></entry><entry><year>2005</year><val>211962</val></entry><entry><year>2006</year><val>214647</val></entry><entry><year>2007</year><val>217091</val></entry><entry><year>2008</year><val>212765</val></entry><entry><year>2009</year><val>221915</val></entry><entry><year>2010</year><val>222519</val></entry><entry><year>2011</year><val>215343</val></entry><entry><year>2012</year><val>211270</val></entry><entry><year>2013</year><val>198956</val></entry><entry><year>2014</year><val>189802</val></entry><entry><year>2015</year><val>177912</val></entry><entry><year>2016</year><val>166671</val></entry><entry><year>2017</year><val>186743</val></entry><entry><year>2018</year><val>151499</val></entry><entry><year>2019</year><val>146016</val></entry><entry><year>2020</year><val>133073</val></entry><entry><year>2021</year><val>133043</val></entry><entry><year>2022</year><val>132893</val></entry><entry><year>2023</year><val>134588</val></entry></data>