[
  {
    "val": 200766,
    "year": "2003"
  },
  {
    "val": 210332,
    "year": "2004"
  },
  {
    "val": 211962,
    "year": "2005"
  },
  {
    "val": 214647,
    "year": "2006"
  },
  {
    "val": 217091,
    "year": "2007"
  },
  {
    "val": 212765,
    "year": "2008"
  },
  {
    "val": 221915,
    "year": "2009"
  },
  {
    "val": 222519,
    "year": "2010"
  },
  {
    "val": 215343,
    "year": "2011"
  },
  {
    "val": 211270,
    "year": "2012"
  },
  {
    "val": 198956,
    "year": "2013"
  },
  {
    "val": 189802,
    "year": "2014"
  },
  {
    "val": 177912,
    "year": "2015"
  },
  {
    "val": 166671,
    "year": "2016"
  },
  {
    "val": 186743,
    "year": "2017"
  },
  {
    "val": 151499,
    "year": "2018"
  },
  {
    "val": 146016,
    "year": "2019"
  },
  {
    "val": 133073,
    "year": "2020"
  },
  {
    "val": 133043,
    "year": "2021"
  },
  {
    "val": 132893,
    "year": "2022"
  },
  {
    "val": 134588,
    "year": "2023"
  }
]