[
  {
    "date": "2023",
    "value": 11.5289127961105
  },
  {
    "date": "2022",
    "value": 14.4294507575758
  },
  {
    "date": "2021",
    "value": 5.05502704719272
  },
  {
    "date": "2020",
    "value": 3.37446972618589
  },
  {
    "date": "2019",
    "value": 2.227478809383
  },
  {
    "date": "2018",
    "value": 1.81295156542679
  },
  {
    "date": "2017",
    "value": 2.0759355367385
  },
  {
    "date": "2016",
    "value": -0.664767331433961
  },
  {
    "date": "2015",
    "value": -0.87412587412577
  },
  {
    "date": "2014",
    "value": 0.0538213132399802
  },
  {
    "date": "2013",
    "value": 0.991982606332428
  },
  {
    "date": "2012",
    "value": 3.56037151702783
  },
  {
    "date": "2011",
    "value": 4.2394014962594
  },
  {
    "date": "2010",
    "value": 2.58069370250543
  },
  {
    "date": "2009",
    "value": 3.79539242483406
  },
  {
    "date": "2008",
    "value": 4.16497193524764
  },
  {
    "date": "2007",
    "value": 2.45874312385402
  },
  {
    "date": "2006",
    "value": 1.28469394366408
  },
  {
    "date": "2005",
    "value": 2.18379872390258
  },
  {
    "date": "2004",
    "value": 3.38264681884691
  },
  {
    "date": "2003",
    "value": 0.682701375787681
  }
]